{
  "quotes": [
    {
      "text": "Do what you can, with what you have, where you are.",
      "author": "Theodore Roosevelt",
      "category": "action"
    },
    {
      "text": "It is not the critic who counts; not the man who points out how the strong man stumbles. The credit belongs to the man who is actually in the arena.",
      "author": "Theodore Roosevelt",
      "category": "perseverance"
    },
    {
      "text": "Believe you can and you're halfway there.",
      "author": "Theodore Roosevelt",
      "category": "belief"
    },
    {
      "text": "The only man who never makes mistakes is the man who never does anything.",
      "author": "Theodore Roosevelt",
      "category": "action"
    },
    {
      "text": "Speak softly and carry a big stick; you will go far.",
      "author": "Theodore Roosevelt",
      "category": "wisdom"
    },
    {
      "text": "A country boy can survive.",
      "author": "Hank Williams Jr.",
      "category": "resilience"
    },
    {
      "text": "If you mind your own business, you won't be minding mine.",
      "author": "Hank Williams Jr.",
      "category": "wisdom"
    },
    {
      "text": "I learned all the basics from my father. He taught me about songwriting and how to take care of business.",
      "author": "Hank Williams Jr.",
      "category": "legacy"
    },
    {
      "text": "Everyone has a plan until they get punched in the mouth.",
      "author": "Mike Tyson",
      "category": "reality"
    },
    {
      "text": "Discipline is doing what you hate to do but doing it like you love it.",
      "author": "Mike Tyson",
      "category": "discipline"
    },
    {
      "text": "I'm a dreamer. I have to dream and reach for the stars, and if I miss a star then I grab a handful of clouds.",
      "author": "Mike Tyson",
      "category": "ambition"
    },
    {
      "text": "Fear is your best friend or your worst enemy. It's like fire. If you can control it, it can cook for you; if you can't, it will burn everything around you and destroy you.",
      "author": "Mike Tyson",
      "category": "fear"
    },
    {
      "text": "An investment in knowledge pays the best interest.",
      "author": "Benjamin Franklin",
      "category": "wisdom"
    },
    {
      "text": "By failing to prepare, you are preparing to fail.",
      "author": "Benjamin Franklin",
      "category": "preparation"
    },
    {
      "text": "Energy and persistence conquer all things.",
      "author": "Benjamin Franklin",
      "category": "perseverance"
    },
    {
      "text": "Well done is better than well said.",
      "author": "Benjamin Franklin",
      "category": "action"
    },
    {
      "text": "Accept the challenges so that you can feel the exhilaration of victory.",
      "author": "George S. Patton",
      "category": "challenge"
    },
    {
      "text": "A good plan violently executed now is better than a perfect plan executed next week.",
      "author": "George S. Patton",
      "category": "action"
    },
    {
      "text": "Lead me, follow me, or get out of my way.",
      "author": "George S. Patton",
      "category": "leadership"
    },
    {
      "text": "Courage is fear holding on a minute longer.",
      "author": "George S. Patton",
      "category": "courage"
    },
    {
      "text": "Success is not final, failure is not fatal: it is the courage to continue that counts.",
      "author": "Winston Churchill",
      "category": "perseverance"
    },
    {
      "text": "Float like a butterfly, sting like a bee.",
      "author": "Muhammad Ali",
      "category": "style"
    },
    {
      "text": "I hated every minute of training, but I said, 'Don't quit. Suffer now and live the rest of your life as a champion.'",
      "author": "Muhammad Ali",
      "category": "discipline"
    },
    {
      "text": "He who is not courageous enough to take risks will accomplish nothing in life.",
      "author": "Muhammad Ali",
      "category": "courage"
    },
    {
      "text": "The man who has no imagination has no wings.",
      "author": "Muhammad Ali",
      "category": "imagination"
    },
    {
      "text": "I am the greatest, I said that even before I knew I was.",
      "author": "Muhammad Ali",
      "category": "belief"
    },
    {
      "text": "It's not the size of the dog in the fight, it's the size of the fight in the dog.",
      "author": "Mark Twain",
      "category": "determination"
    },
    {
      "text": "The secret of getting ahead is getting started.",
      "author": "Mark Twain",
      "category": "action"
    },
    {
      "text": "Twenty years from now you will be more disappointed by the things you didn't do than by the ones you did do.",
      "author": "Mark Twain",
      "category": "regret"
    },
    {
      "text": "Continuous effort, not strength or intelligence, is the key to unlocking our potential.",
      "author": "Winston Churchill",
      "category": "effort"
    }
  ]
}
